Date,Max,Min,Precip,Snow
1900-10,M,M,M,M
1900-11,M,M,M,M
1900-12,M,M,M,M
1901-01,M,M,M,M
1901-02,M,M,M,M
1901-03,M,M,M,M
1901-04,M,M,M,M
1901-05,M,M,M,M
1901-06,M,M,M,M
1901-07,M,M,M,M
1901-08,M,M,M,M
1901-09,M,M,M,M
1901-10,M,M,M,M
1901-11,M,M,M,M
1901-12,M,M,M,M
1902-01,M,M,M,M
1902-02,M,M,M,M
1902-03,M,M,M,M
1902-04,M,M,M,M
1902-05,M,M,M,M
1902-06,M,M,M,M
1902-07,M,M,M,M
1902-08,M,M,M,M
1902-09,M,M,M,M
1902-10,M,M,M,M
1902-11,M,M,M,M
1902-12,M,M,M,M
1903-01,M,M,M,M
1903-02,M,M,M,M
1903-03,M,M,M,M
1903-04,M,M,M,M
1903-05,M,M,M,M
1903-06,M,M,M,M
1903-07,M,M,M,M
1903-08,M,M,M,M
1903-09,M,M,M,M
1903-10,M,M,M,M
1903-11,M,M,M,M
1903-12,M,M,M,M
1904-01,M,M,M,M
1904-02,M,M,M,M
1904-03,M,M,M,M
1904-04,M,M,M,M
1904-05,M,M,M,M
1904-06,M,M,M,M
1904-07,M,M,M,M
1904-08,M,M,M,M
1904-09,M,M,M,M
1904-10,M,M,M,M
1904-11,M,M,M,M
1904-12,M,M,M,M
1905-01,M,M,M,M
1905-02,M,M,M,M
1905-03,M,M,M,M
1905-04,M,M,M,M
1905-05,M,M,M,M
1905-06,M,M,M,M
1905-07,M,M,M,M
1905-08,M,M,M,M
1905-09,M,M,M,M
1905-10,M,M,M,M
1905-11,M,M,M,M
1905-12,M,M,M,M
1906-01,M,M,M,M
1906-02,M,M,M,M
1906-03,M,M,M,M
1906-04,M,M,M,M
1906-05,M,M,M,M
1906-06,M,M,M,M
1906-07,M,M,M,M
1906-08,M,M,M,M
1906-09,M,M,M,M
1906-10,M,M,M,M
1906-11,M,M,M,M
1906-12,M,M,M,M
1907-01,M,M,M,M
1907-02,M,M,M,M
1907-03,M,M,M,M
1907-04,M,M,M,M
1907-05,M,M,M,M
1907-06,M,M,M,M
1907-07,M,M,M,M
1907-08,M,M,M,M
1907-09,M,M,M,M
1907-10,M,M,M,M
1907-11,M,M,M,M
1907-12,M,M,M,M
1908-01,M,M,M,M
1908-02,M,M,M,M
1908-03,M,M,M,M
1908-04,M,M,M,M
1908-05,M,M,M,M
1908-06,M,M,M,M
1908-07,M,M,M,M
1908-08,M,M,M,M
1908-09,77.6,31.5,1.4,2.2
1908-10,57.6,18.8,5.97,29.8
1908-11,41.8,5.9,0.7,11.5
1908-12,33.3,-0.7,2.97,29.2
1909-01,37.4,6.9,3.81,20.2
1909-02,34.1,0.8,3.07,33.9
1909-03,44.8,11.4,2.07,20.3
1909-04,51.3,20.7,2.75,14
1909-05,64.9,28.9,1.45,1.5
1909-06,80.2,36.4,1.32,0
1909-07,88.2,41.1,1.08,0
1909-08,M,43.5,1.56,0
1909-09,72.3,34.3,2.31,3
1909-10,63.6,19.8,0.74,3
1909-11,49.9,14.7,2.18,12.5
1909-12,23,-7.6,2.83,27.3
1910-01,30.5,-1.2,1.38,14.5
1910-02,32.8,-0.4,3.53,33.5
1910-03,52.7,16.6,0.49,3
1910-04,62.2,24.9,1.21,0
1910-05,65.5,30.3,1.45,T
1910-06,79.2,33.4,0.37,0
1910-07,84.5,38.7,1.23,0
1910-08,82.9,37.1,0.6,0
1910-09,74.9,34.6,1.85,0
1910-10,62.7,19.9,1.87,T
1910-11,50.8,20.9,1.37,10.5
1910-12,35.6,8.2,2.28,14.4
1911-01,36,11.3,3.26,32.2
1911-02,32.6,2.7,1.94,23.8
1911-03,46.9,19.3,1.49,5.5
1911-04,55.7,26.1,2.05,9.5
1911-05,67.5,29.6,0.65,4
1911-06,76,37.1,1.81,0
1911-07,78.5,40.2,2.12,0
1911-08,80.5,36,1.16,0
1911-09,71.6,33.8,2.44,0
1911-10,56.8,21,1.97,T
1911-11,38.2,8.3,2.13,16.5
1911-12,27.6,1.2,1.47,13
1912-01,30.6,3.7,2.67,32.5
1912-02,31.9,2,3.57,28
1912-03,42.4,11.3,3.2,27.7
1912-04,49.8,20.9,1.76,11.5
1912-05,64.2,30.2,1.27,4
1912-06,71.7,34,2.66,0
1912-07,76.9,42.3,4.98,0
1912-08,77.4,37.5,3.24,0
1912-09,65.6,26.6,1.25,7.5
1912-10,58.1,21.3,1.54,8.5
1912-11,47.6,13.5,1.1,15.1
1912-12,29.1,-4.4,1.91,26.8
1913-01,28,-4.1,1.28,23
1913-02,36.6,3.9,1.66,24.3
1913-03,43.2,7.5,1.47,12.5
1913-04,58.1,21.7,1.23,4.5
1913-05,70,30.7,1.53,0
1913-06,74.4,35.7,1.93,0
1913-07,78.5,39.1,2.01,0
1913-08,84.4,40.4,0.26,0
1913-09,69.8,32.6,3.01,1
1913-10,52.9,24.7,1.85,8.3
1913-11,47.7,21.9,2.24,7
1913-12,33.1,1.8,1.34,18.1
1914-01,32.9,5.9,4.58,49.5
1914-02,34.1,3.9,2.51,28.2
1914-03,43.7,8.5,1.23,11.5
1914-04,54.7,29.2,2.22,2
1914-05,66.7,38.9,3.32,0
1914-06,73.9,35.6,2.76,0
1914-07,80.9,42.5,2.18,0
1914-08,81,37.7,5.36,0
1914-09,75.3,31.7,1.96,6.5
1914-10,63,27.8,3.86,4.5
1914-11,54.7,10.8,0.14,2
1914-12,31.6,-2.5,1.05,24.5
1915-01,30,-3,1.3,24.5
1915-02,38.8,5.8,1.77,35
1915-03,44,13.4,1.07,9.5
1915-04,60.5,29.2,1.57,0
1915-05,62.1,29.8,2.82,T
1915-06,70.8,33.6,1.57,0
1915-07,81.2,37.3,0.3,0
1915-08,80.6,36.5,0.69,0
1915-09,69.7,31.7,2.85,0
1915-10,63.2,21.1,1.14,0
1915-11,44,14.1,2.81,20.5
1915-12,33.1,4.1,3.2,40
1916-01,28.5,3.2,4.2,68.5
1916-02,34.3,2.3,4.21,52.5
1916-03,44.5,15.4,1.87,19
1916-04,56.2,23.6,1.17,0
1916-05,65.4,26.3,2.39,0
1916-06,76.8,30.9,0.06,0
1916-07,82.6,41.9,1.23,0
1916-08,76.5,40.6,2.82,0
1916-09,72.8,31.5,1.74,0
1916-10,58,26.1,2.57,0
1916-11,40.9,5.2,1.88,27
1916-12,26.9,1.1,4.66,55.1
1917-01,22.9,-3.6,2.34,31.5
1917-02,32.7,4.4,1.58,21.5
1917-03,33.7,1.6,2.77,38
1917-04,45.2,18.1,4.02,27
1917-05,56.5,29.9,3.87,8
1917-06,74.3,33.3,0.17,0
1917-07,83.5,41.4,1.27,0
1917-08,78.4,37.2,1.65,0
1917-09,73.6,32.8,1.94,0
1917-10,59,22.1,1.38,0
1917-11,52,17.2,1.71,15
1917-12,36.5,13.3,2.77,40.5
1918-01,27.7,3.8,5,66.5
1918-02,33.7,0.9,2.7,37
1918-03,45,12.5,2.12,16
1918-04,49.7,23.9,1.86,9.3
1918-05,67,29.1,0.46,0
1918-06,81.7,36.9,0.79,0
1918-07,80,40.2,3.07,0
1918-08,80.6,34.5,1.02,T
1918-09,74,31.8,2.7,0
1918-10,61.9,28.5,2.08,13
1918-11,41.4,10.2,1.31,13.5
1918-12,30.3,0.5,1.16,11
1919-01,30.8,-6.7,0.23,8.5
1919-02,33.4,5.4,2.9,46.3
1919-03,43.1,11.3,1.09,11.5
1919-04,57.2,25.4,1.49,3.5
1919-05,69.8,27.8,0.62,0
1919-06,79.7,31,T,0
1919-07,85.7,41.2,1.15,0
1919-08,84.9,35.3,0.69,0
1919-09,75.3,32.8,0.63,0
1919-10,52.9,18.8,2.95,18
1919-11,35.4,4.8,2.94,22.6
1919-12,20.3,-6.8,2.41,27.7
1920-01,26.9,-0.3,0.96,11.6
1920-02,32,7.8,1.76,27.9
1920-03,35.1,11.2,3.61,41.3
1920-04,39.5,22.8,5.13,52.4
1920-05,64,33,2.69,0
1920-06,73.7,35.9,0.66,0
1920-07,80.8,41.2,2.03,0
1920-08,73,39.3,1.64,0
1920-09,68.3,30.7,0.85,4
1920-10,53.4,21.7,2.43,26.5
1920-11,36.4,12.3,2.71,23.2
1920-12,25.3,0.2,2.79,44.9
1921-01,26.6,-1.7,3.14,49.6
1921-02,29.6,0.1,3.26,47.4
1921-03,40.9,15.4,2.35,26.3
1921-04,47.1,24.7,3.68,29.3
1921-05,64.8,32.1,2.62,8
1921-06,77.4,38.9,3.63,0
1921-07,80.1,42.6,2.51,0
1921-08,75,40.7,2.01,0
1921-09,72.8,29.6,1.33,0
1921-10,61,23.7,1.11,13
1921-11,44.9,15.2,1.31,18.4
1921-12,36.8,11.9,2.52,23.7
1922-01,26.3,3.9,2.81,27.8
1922-02,33.6,-5,4.22,51.4
1922-03,42.6,2.9,2.82,31
1922-04,47.1,21.2,1.6,13.9
1922-05,62.6,29.6,1.23,8.5
1922-06,79,33.8,0.72,0
1922-07,79.8,39.6,1.23,0
1922-08,78.7,42.7,2.77,0
1922-09,71.8,30.6,0.92,0
1922-10,58.7,19.9,1.2,10.1
1922-11,34.9,7.2,1.87,13.9
1922-12,28.9,2.4,5.61,79.3
1923-01,27,-2.3,2.09,22.5
1923-02,23.8,-8.9,2,20.2
1923-03,31.2,3.3,3.9,62.3
1923-04,45.3,21.3,2.1,16.8
1923-05,63.8,32.5,1.86,10
1923-06,75,32.9,0.83,0
1923-07,80.6,43.6,1.9,0
1923-08,74,41,2.84,0
1923-09,65.9,31.1,2.15,T
1923-10,51.6,23.3,2.18,6.4
1923-11,44.6,13.6,0.81,5.3
1923-12,27.3,-5.3,1.66,28.5
1924-01,20.6,-9.3,2.09,33.8
1924-02,34.3,3.7,1.17,13.7
1924-03,33.7,8.1,3.54,46.1
1924-04,48,19,1.39,12.5
1924-05,61.9,26.9,2.39,1
1924-06,76.1,31.7,0.33,0
1924-07,80.4,36.8,1.61,0
1924-08,79.6,33.8,0.37,0
1924-09,66.3,28,2.52,4
1924-10,49.7,22.2,3.25,22.9
1924-11,41.3,11.4,1.54,19
1924-12,24.6,-3.1,3.08,35.4
1925-01,23.8,0.2,2.99,50.6
1925-02,31.8,2,2.02,28.6
1925-03,41,11.3,1.46,17.8
1925-04,56.5,26,0.95,6.5
1925-05,68.2,32.7,1.75,0.5
1925-06,71.9,38,1.89,T
1925-07,80.5,42.4,1.4,0
1925-08,73.5,41.4,2.74,0
1925-09,67.1,34.2,2.39,0
1925-10,53.2,25.5,2.6,3.3
1925-11,45.7,M,1.34,7.8
1925-12,32.3,M,1.51,19
1926-01,26.9,-4.7,1.76,26.3
1926-02,36.5,7.5,1.96,23.5
1926-03,42.6,12,1.54,18.4
1926-04,57.5,27,2.65,5.6
1926-05,63,32.4,3.98,0.5
1926-06,76.3,35.6,0.3,0
1926-07,78,39.9,2.27,0
1926-08,76.9,38.8,2.48,0
1926-09,70.1,27.6,0.87,0
1926-10,59.2,21.7,1.51,1.1
1926-11,M,M,1.75,16.5
1926-12,M,M,1.79,25.6
1927-01,M,M,1.98,31.5
1927-02,32.1,6.7,4.2,36.7
1927-03,36.3,10.7,3.11,29.2
1927-04,50.6,24.6,3.19,22.8
1927-05,64,29.9,1.44,3
1927-06,72.9,39.5,2.68,0
1927-07,78.8,42.8,2.87,0
1927-08,71,39.4,2.13,0
1927-09,65.3,33.5,3.41,3.7
1927-10,57.1,21.3,3.18,15.2
1927-11,41.3,21.4,2.83,25.6
1927-12,21,-4.4,2.23,44.1
1928-01,27.3,1,1.53,27.3
1928-02,29.5,-0.2,1.5,19.2
1928-03,41,18,2.44,32.8
1928-04,47.9,23.1,0.96,8
1928-05,65.4,34.9,2.98,1
1928-06,69.1,35.1,2.88,1
1928-07,78.6,38.6,1.11,0
1928-08,M,35,1.25,0
1928-09,M,29.5,1.26,0.4
1928-10,57.9,24.9,2.12,6.7
1928-11,39.1,17.3,2.33,21.1
1928-12,23.6,-10.1,1.81,29.7
1929-01,M,-0.3,2.49,48.2
1929-02,26.7,-3.5,2.03,38.3
1929-03,33,9.1,3.02,69.4
1929-04,43.6,20.5,1.33,9.4
1929-05,60.7,29.9,1.42,5.5
1929-06,71.6,32.4,0.33,0
1929-07,77.2,41,2.27,0
1929-08,76.5,41.6,1.61,0
1929-09,65.6,35.1,4.27,0.5
1929-10,57.8,23.8,2.44,2.9
1929-11,33,5.9,M,M
1929-12,33.7,0.1,1.28,15.8
1930-01,33.2,-13.3,M,M
1930-02,37.8,0.8,1.84,24.1
1930-03,38.1,11.8,M,M
1930-04,56.4,28.1,M,M
1930-05,M,M,M,M
1930-06,M,M,M,M
1930-07,M,M,M,M
1930-08,M,M,M,M
1930-09,70.8,33.7,2.05,0.5
1930-10,58.8,24.6,1.58,T
1930-11,43.8,6.3,1.36,21.5
1930-12,28.7,-7.2,1.15,17.2
1931-01,29.9,-4.3,0.75,15
1931-02,40.2,12.2,0.73,10
1931-03,40,13,1.93,29.5
1931-04,55.5,23.5,1.83,7.3
1931-05,63.1,29.2,1.27,0.5
1931-06,78,36.7,0.94,0
1931-07,85.8,41.6,1.16,0
1931-08,80.9,38.7,1.53,0
1931-09,73.9,35.6,2.76,T
1931-10,60.6,28.4,2.11,1
1931-11,40.9,9.9,2.57,29.9
1931-12,29.6,-2.4,1.13,31
1932-01,23.9,-3.5,2.63,47
1932-02,36.8,6.9,2.3,30.5
1932-03,36.5,10.2,4.38,62.8
1932-04,51.9,23.9,2.22,25
1932-05,66.8,31.3,1.33,T
1932-06,73.2,35.1,1.1,T
1932-07,81.4,41.8,1.45,0
1932-08,79.7,41.2,2.51,T
1932-09,75.3,28.2,0.13,0
1932-10,59.6,23.5,3.05,11.8
1932-11,44.4,15.2,1.6,17.5
1932-12,26.3,-2.3,2.85,46
1933-01,29.3,1.9,1.77,31.6
1933-02,26.1,-6.8,2.3,36.8
1933-03,43.2,12.9,2.98,36.4
1933-04,48.8,20.5,2.12,25.2
1933-05,60.4,28.4,2.07,16.5
1933-06,80.9,37.5,0.45,0
1933-07,85.2,43,0.87,0
1933-08,78.9,39.8,2.24,0
1933-09,75.8,35.7,2.35,0
1933-10,68.8,21.9,0,0
1933-11,52.3,16.7,0.54,6.1
1933-12,39,9.4,3.12,28.9
1934-01,34.5,4.8,0.9,17.3
1934-02,44,14.9,2.16,30
1934-03,50.7,18.8,1.08,9
1934-04,62.8,26.6,0.66,5.5
1934-05,74.5,33.5,2,0
1934-06,78.2,34.2,0.62,0
1934-07,88.1,42.4,0.72,0
1934-08,85,42.8,1.32,0
1934-09,71.6,30.3,1.5,3.7
1934-10,67,24.9,0.41,T
1934-11,48.5,20.6,1.78,21.2
1934-12,33,5.7,2.69,38.7
1935-01,34.7,1.1,1.2,17.2
1935-02,39.2,1.4,0.3,5.8
1935-03,42.7,13,1.53,23
1935-04,50.4,26.7,4.13,28.6
1935-05,59.4,32.7,3.2,T
1935-06,74.8,35.6,0.96,0
1935-07,83.5,41.3,0.81,0
1935-08,81.6,41.3,1,0
1935-09,74.1,32,1.75,0
1935-10,58.6,22.7,2.64,24.2
1935-11,39,15.6,1.26,17.9
1935-12,29.7,2.8,1.03,20.8
1936-01,25.6,0.5,4.48,79.2
1936-02,32.3,10.5,5.13,65.8
1936-03,38.8,11.4,1.39,20
1936-04,52.3,23.2,1.92,9.7
1936-05,71.7,30.6,0.62,2
1936-06,79.9,38.6,1.32,0
1936-07,84.5,44.4,1.68,0
1936-08,82.9,41.4,1.18,0
1936-09,72.3,30.4,0.73,0
1936-10,58.5,24.3,1.13,T
1936-11,46.7,13.1,0.64,6.6
1936-12,32.7,5.9,2.27,36.3
1937-01,22.5,-10.7,2.46,35.3
1937-02,33.2,0.8,3.94,55.7
1937-03,43.1,10.8,1.87,17.9
1937-04,51.9,21.8,3.06,31.5
1937-05,68.2,32,1.93,0
1937-06,74.8,37.1,1.89,T
1937-07,81,44.2,3.57,0
1937-08,83.4,40.5,1.92,0
1937-09,77,33.1,0.75,0
1937-10,62.5,25.5,2.54,1
1937-11,44.5,17.7,3.38,23
1937-12,33.4,7.4,1.99,18.9
1938-01,32.4,3.5,2,25
1938-02,37,5.1,1.53,16.3
1938-03,44.1,17.1,3.73,40.5
1938-04,55.7,23.2,1.84,3.7
1938-05,62.1,31.1,3.11,10.2
1938-06,76.8,37.4,1.11,0
1938-07,82.2,38.5,1.59,0
1938-08,83,40.2,1.15,0
1938-09,74.6,35.4,3.05,0
1938-10,64.6,24.3,1.47,T
1938-11,35.9,6.1,1.66,26.3
1938-12,31.5,5.2,3.04,41.2
1939-01,28.6,1.9,3.29,55.4
1939-02,26.2,-4.8,3.07,47.5
1939-03,42.5,11.9,1.69,24.9
1939-04,58.2,25.7,1.48,3.7
1939-05,70,29.7,1.36,0
1939-06,74.9,32.1,1.09,0
1939-07,86.3,37.3,0.76,0
1939-08,82.7,37,0.31,0
1939-09,73.1,38,2.96,0
1939-10,62,22.2,1.31,4
1939-11,55.5,12.9,0.25,1
1939-12,45.7,11,1.5,22.5
1940-01,31.2,6.8,3.62,56
1940-02,37.4,14,2.45,28.4
1940-03,46.4,17.9,2.55,26.5
1940-04,55.8,27.8,4.07,13
1940-05,70.2,33.3,1.51,0
1940-06,80,36.9,0.55,0
1940-07,84.9,42.9,1.62,0
1940-08,83.3,39.8,1.2,0
1940-09,73.6,37.6,2.41,0
1940-10,62.8,26.2,2.03,3
1940-11,42.2,14.1,1.23,12.5
1940-12,39.3,9.3,1.38,18.2
1941-01,32.3,-1.1,2.09,26
1941-02,40.3,7.8,1.71,18.5
1941-03,44.4,15.4,1.76,18.9
1941-04,50.7,26.2,2.74,23.9
1941-05,68.6,33.8,1.9,0
1941-06,73,35.5,2.69,0
1941-07,82.7,40.5,1.63,0
1941-08,79.7,40.1,1.91,0
1941-09,69.7,32.1,1.33,T
1941-10,58,27.9,3.01,4.3
1941-11,46.4,12.8,1.93,9.2
1941-12,36.5,5.5,2.05,23.8
1942-01,29.3,-5.2,2.95,35.9
1942-02,29,-5.1,2.34,28.3
1942-03,39.3,3.6,1.57,17.4
1942-04,55.4,25.5,4.39,22
1942-05,64.2,28.6,1.9,6
1942-06,75.5,35.1,1.31,0
1942-07,83.4,40.6,1.29,0
1942-08,83.1,38.7,0.54,0
1942-09,74.6,30.7,1.08,T
1942-10,62.4,25,1.38,9.5
1942-11,48.2,16.7,2.45,24
1942-12,32.1,2.8,3.61,40.8
1943-01,32.1,0.3,1.35,22.5
1943-02,37.9,1.4,2,31.2
1943-03,41.5,9.1,2.54,30.8
1943-04,62.3,28.3,1.25,2
1943-05,62.4,32.7,2.87,T
1943-06,72.8,36.4,3.09,T
1943-07,83.9,41.7,0.48,0
1943-08,80.5,43.6,1.42,0
1943-09,77.2,30.1,0.24,0
1943-10,63.7,25.2,1.51,6
1943-11,48,14.5,0.65,7.5
1943-12,37.5,7.6,1.12,12.5
1944-01,33.1,-4.3,0.82,12.7
1944-02,38.3,5.4,2.02,31.5
1944-03,40.4,15.9,2.15,24
1944-04,51.5,24.2,2.53,13.5
1944-05,65.7,32.2,5.01,20.5
1944-06,73,35.2,2.2,T
1944-07,80.9,39,1.01,0
1944-08,81,37.4,0.17,0
1944-09,77.1,29.3,0.44,0
1944-10,66.1,25.1,0.91,T
1944-11,47.8,15.4,2.39,12.2
1944-12,35.1,1.4,2.1,27.8
1945-01,33.6,4.2,1.34,17.5
1945-02,36.4,9.5,3.45,33
1945-03,42.4,11,2.61,39
1945-04,48,20.7,2.33,22.5
1945-05,66.5,32.4,2.65,T
1945-06,67.7,33.9,4.31,T
1945-07,81.2,41.3,0.5,0
1945-08,79.8,42.6,2.12,0
1945-09,70.8,30.8,1.48,0.2
1945-10,63.3,23.5,1.27,3.3
1945-11,38.7,11.3,2.87,35.4
1945-12,28.2,2.2,2.86,32.4
1946-01,27.7,-3.4,1.4,20.5
1946-02,36.2,0.7,1.81,31.4
1946-03,47.3,17.6,1.22,12.7
1946-04,61,28.1,2.68,11.4
1946-05,60.5,29.9,2.45,4.2
1946-06,77.8,33.7,0.65,0
1946-07,85.3,40.9,0.71,0
1946-08,81,41,2.44,0
1946-09,74.5,29.1,0.65,0
1946-10,54.2,25.8,3.81,14.9
1946-11,43.1,15.7,1.88,18.3
1946-12,36.7,11.5,1.27,13.7
1947-01,30.7,-2.6,1.47,24.3
1947-02,38.9,6.2,2.6,43.5
1947-03,42.1,16.5,1.67,20.5
1947-04,51.3,25,2.68,12.9
1947-05,68.6,31.8,1.82,0
1947-06,69.4,34.9,3.28,T
1947-07,82.7,39.9,1.36,0
1947-08,80.4,43.2,2.97,0
1947-09,74.6,32.9,1.84,0
1947-10,63.8,26.9,2.96,11.4
1947-11,37.6,10,2.55,38.8
1947-12,31.2,2.9,1.96,34.7
1948-01,29.1,-0.7,1.49,18.9
1948-02,33.6,3.1,1.64,22.3
1948-03,38.4,6.2,3.64,52.7
1948-04,53.4,22.9,1.93,11.9
1948-05,67.8,29.4,0.07,0
1948-06,76.5,36.2,2.2,0
1948-07,81.4,38.5,2,0
1948-08,81.3,37.7,0.86,0
1948-09,79.2,33.7,0.93,0
1948-10,62.3,21.7,1.69,2.4
1948-11,33.9,12.2,3.28,34.8
1948-12,30.7,3.1,4.37,69.5
1949-01,22.1,-8.1,2.26,32.9
1949-02,31.4,-2.9,1.8,26.1
1949-03,44.7,18.4,2.09,29.9
1949-04,57.6,25,1.83,5.9
1949-05,64.4,32.4,3.68,1
1949-06,72.4,36.8,2.76,0
1949-07,81.4,39.6,0.88,0
1949-08,82.5,36.3,0.3,0
1949-09,74.7,30.9,1.16,0
1949-10,57.4,21,3.12,20.2
1949-11,54.2,18.1,0.98,5.2
1949-12,34.5,6.8,2.24,38.3
1950-01,29.8,0.6,2.84,28.2
1950-02,37,5.2,1.53,19.7
1950-03,41.3,16.1,1.76,20.5
1950-04,55.5,25.4,2.52,16.4
1950-05,61.1,28.2,1.9,6.8
1950-06,77.2,30.8,0.22,0
1950-07,79,38.9,1.77,0
1950-08,80.1,34.4,0.31,0
1950-09,70.1,34.1,2.19,0
1950-10,69.3,23.9,0.63,0
1950-11,45.3,19.4,2.6,7.2
1950-12,33.2,7.5,4.07,40.2
1951-01,27.2,1.1,3.43,49.2
1951-02,35.4,5.4,2.49,34.4
1951-03,41.5,12.1,1.21,15.9
1951-04,51.6,26.7,4.01,10.3
1951-05,65.7,32.1,1.37,2
1951-06,70,33.1,1.78,0
1951-07,83.9,40.5,1.77,0
1951-08,78.8,41.3,2.03,0
1951-09,73.1,28,0.54,0
1951-10,57.5,26.4,2.5,10.4
1951-11,41.1,9,1.43,21.9
1951-12,29.6,4.4,7.26,84.6
1952-01,27.6,-0.1,3.53,50.5
1952-02,29.8,-0.5,2.4,37.2
1952-03,36.5,8.8,3.32,42.5
1952-04,52.7,23.2,1.07,4.3
1952-05,64.9,33.1,1.26,1
1952-06,77.9,35.4,1.84,0
1952-07,81.1,40.1,2.9,0
1952-08,78.5,40.7,2.01,0
1952-09,76.9,30.6,0.4,0
1952-10,67.7,19.5,T,0
1952-11,40.1,7.2,1.14,14.3
1952-12,28.3,1.5,2.3,27.5
1953-01,34.2,9.6,4.08,42.8
1953-02,33.5,2.2,1.82,20
1953-03,45.1,13.4,2.56,15
1953-04,49.3,21,2.14,17.3
1953-05,60,29.5,1.71,3.9
1953-06,76.8,36,1.54,0
1953-07,83.5,42.6,1.93,0
1953-08,78.9,39.3,1.54,0
1953-09,76.9,30.5,0.07,0
1953-10,63,24.8,1.34,3.7
1953-11,48.1,20.1,1.89,9.6
1953-12,29,3.6,1.72,26.5
1954-01,35.3,6.8,1.87,28.5
1954-02,42.6,8.3,0.64,10.6
1954-03,41.9,14.8,3.51,35.4
1954-04,59.8,25.8,1.3,2.1
1954-05,68.5,32.3,1.61,1
1954-06,76.6,35.7,0.45,0
1954-07,86.1,45.3,0.92,0
1954-08,80.8,38.8,2.17,0
1954-09,73.7,36.8,3.21,0
1954-10,62.5,26.9,2.4,1.7
1954-11,52.6,17.9,1.68,9.3
1954-12,28.2,-0.8,1.79,18.4
1955-01,26.9,0.6,2.61,48.4
1955-02,28.5,-2,2,29.4
1955-03,38.4,5.9,1.3,15
1955-04,52.7,20,0.95,8
1955-05,64.5,30.2,2,4
1955-06,71.7,34.4,1.73,0
1955-07,85.4,40.1,0.58,0
1955-08,82.1,43.8,2,0
1955-09,76.2,31.3,0.5,0
1955-10,64,23,2.02,14.5
1955-11,37.2,9.5,4.14,50.7
1955-12,35.6,12.5,2.12,32.3
1956-01,34.4,9.4,4.7,54.1
1956-02,26.9,-4.8,3.21,43.6
1956-03,42.5,9.6,0.91,15.8
1956-04,52.8,25,3.59,20.1
1956-05,68.8,33.7,0.95,4
1956-06,80.5,35.3,0.24,0
1956-07,81,40.4,2.48,0
1956-08,78.2,38,1.44,0
1956-09,77.8,29.4,0.15,0
1956-10,64.6,22.4,0.92,2.5
1956-11,34.5,3.8,1.83,25.5
1956-12,28.4,0.5,3.25,39.5
1957-01,28.4,0.5,5.01,71
1957-02,37.7,9.3,2.73,28.1
1957-03,43,14.5,2.83,23.3
1957-04,50.2,24.7,3.27,15.3
1957-05,60.4,33.1,4.42,0
1957-06,72.1,36.5,3.85,0
1957-07,79.4,42.8,2.18,0
1957-08,78.2,41.4,1.25,0
1957-09,71.6,28.5,0.71,0
1957-10,60.1,27.7,3.14,1
1957-11,36.8,11.5,2.98,29.8
1957-12,31.4,0.9,2.77,40.5
1958-01,26.8,-3.6,2.02,26.6
1958-02,39.6,12.6,2.24,23.6
1958-03,41.4,13.5,2.66,30.7
1958-04,49.6,21.7,1.96,12.6
1958-05,71,32.1,0.94,0
1958-06,79.3,34.6,0.34,0
1958-07,81.4,38.2,1.25,0
1958-08,84.3,40.6,1.22,0
1958-09,72.9,32.6,2.2,T
1958-10,65,21.2,0.07,0.6
1958-11,45,12.5,2.29,23.3
1958-12,35.1,8.1,2.53,20.8
1959-01,32.5,3.3,1.92,29.5
1959-02,35.6,7.3,3.34,38.4
1959-03,40.6,10.6,2.46,29.2
1959-04,53.1,22.5,2.2,13.8
1959-05,64.7,32.2,1.91,0
1959-06,79.7,37.2,1.54,0
1959-07,83.7,39.2,0.97,0
1959-08,79.2,41.5,2.41,0
1959-09,68.7,31.1,5.17,2.4
1959-10,56.6,24.4,3.09,4.1
1959-11,44,12.7,1.1,8.4
1959-12,39.9,6.9,0.82,9.3
1960-01,29.5,3.7,2.16,27.2
1960-02,29.5,2.3,3.31,48.6
1960-03,43.5,15.9,3,40.8
1960-04,57,23.7,1.8,5.4
1960-05,64.5,29,1.72,0
1960-06,77.3,34.7,0.83,0
1960-07,84.8,38.9,1.1,0
1960-08,82.9,36.7,0.95,0
1960-09,75.6,34.2,1.35,0
1960-10,60.8,24,1.28,4.9
1960-11,43.6,13.2,2.1,21.9
1960-12,31.7,-2.3,1.75,23.4
1961-01,30.2,-8.4,0.69,12.8
1961-02,37.4,7,1.59,23.1
1961-03,43.5,15.5,1.75,25.5
1961-04,51.1,23.5,2.89,26.8
1961-05,66,31.1,2.94,3
1961-06,78.5,35.4,1.16,0
1961-07,82.2,40,1.51,0
1961-08,82.3,42.9,1.09,0
1961-09,61.4,30.4,8.15,19.6
1961-10,58.6,24,1.26,5.1
1961-11,40.6,11.5,1.77,25.6
1961-12,27.3,2.4,2.68,44.3
1962-01,24.6,-10,2.02,31
1962-02,36.5,12.4,4.21,50.8
1962-03,39,6.5,0.98,14.1
1962-04,57.7,25.8,2.28,11.5
1962-05,65.5,30.9,2.01,1.7
1962-06,74.1,34.6,0.87,0
1962-07,81.4,37,0.28,0
1962-08,81.4,35,0.41,0
1962-09,75,29.5,0.84,0
1962-10,64.4,23.5,1.57,0.7
1962-11,50.9,16.6,1.01,6.8
1962-12,36.7,6.2,1.23,16.2
1963-01,24.8,-4.9,3.32,38.6
1963-02,39.8,12.4,1.2,11.5
1963-03,43.4,10,1.68,24.8
1963-04,55.3,24.3,3.08,20.2
1963-05,69.6,30.4,0.51,0
1963-06,75.7,34.6,1.38,0
1963-07,85.1,41,0.94,0
1963-08,78.1,44.5,2.17,0
1963-09,76.7,36.2,1.25,0
1963-10,67.8,27.2,1.15,0.6
1963-11,48.3,15.4,1.17,8.9
1963-12,34.3,4,1.29,19.3
1964-01,26,-4.5,2,33.3
1964-02,27.3,-5,1.64,26.6
1964-03,36.5,4.6,3.12,47.2
1964-04,49.5,23.2,2.46,23.9
1964-05,65.3,30.4,1.74,5.9
1964-06,71.4,35.1,2.48,0
1964-07,85.7,41.8,1.04,0
1964-08,78,38.5,2.59,0
1964-09,71.8,30,0.85,0
1964-10,64.9,19.6,0.42,1.5
1964-11,43.1,16.4,1.82,27.1
1964-12,29.9,5.7,5.6,52.4
1965-01,31.1,7.6,4.36,51.6
1965-02,33.1,1.1,0.86,13.1
1965-03,35.8,2,1.85,27.9
1965-04,52.1,24.9,2.16,21.1
1965-05,61.9,30.9,3.74,11.7
1965-06,71.1,36.7,2.39,0
1965-07,79.2,41.7,2.52,0
1965-08,76.3,38.7,3.03,0
1965-09,63.1,32.4,3.67,13.2
1965-10,66.3,22.8,0.07,0
1965-11,47.7,20,2.68,18.1
1965-12,35.1,5.6,1.55,18.1
1966-01,28.5,-1.8,0.9,14.1
1966-02,31.7,3.4,1.32,21.9
1966-03,46.2,11.1,0.99,12.6
1966-04,55.6,23.1,0.6,4.9
1966-05,68.7,30.3,1.65,0
1966-06,75.8,34.3,0.51,0
1966-07,85.4,41.7,1.1,0
1966-08,79.5,38.1,2.47,0
1966-09,73.8,33.2,1.51,0
1966-10,58.7,22.3,2.6,4.9
1966-11,49.6,19.2,0.58,6.4
1966-12,29.7,4.6,2.92,29.1
1967-01,31.2,8.6,2.99,47.8
1967-02,34.9,4.8,2.08,33.7
1967-03,47,16.4,2.16,16.6
1967-04,55.5,24.7,1.25,11
1967-05,60.3,30.5,2.55,2.6
1967-06,69.6,36,2.29,0
1967-07,80.5,41.7,2.16,0
1967-08,80.1,39.1,1.96,0
1967-09,70.7,34,1.72,0
1967-10,60,22.8,1.18,4.1
1967-11,44.8,13,1.59,13.2
1967-12,24.6,4.2,4.24,60.7
1968-01,25.5,-5.1,1.73,29.7
1968-02,34.1,7.7,2.68,25.3
1968-03,42.4,12.4,0.92,11.4
1968-04,46.5,19.8,3.73,30.7
1968-05,59.9,30.2,2.42,7.6
1968-06,74.9,36.1,1.01,0
1968-07,81.4,41.4,1.19,0
1968-08,74.7,40.1,1.42,0
1968-09,68.8,29.5,0.78,1.6
1968-10,60,24.6,1.76,5.4
1968-11,36.1,9.3,2.53,30.9
1968-12,28,3.9,2.04,34.8
1969-01,31.4,8.7,3.26,34.4
1969-02,32.8,3.6,1.85,25
1969-03,36.9,6.2,0.59,10.8
1969-04,56.5,26,1.92,7
1969-05,70.2,32.8,0.34,0
1969-06,69.1,36.6,3.59,0
1969-07,82.7,42.2,2.92,0
1969-08,82.4,42.1,2.02,0
1969-09,73.1,35.5,1.5,0
1969-10,49.4,24.5,3.67,24.6
1969-11,40.5,11,1.42,15.1
1969-12,31,4.5,2.45,34.6
1970-01,29.5,6.3,3.17,35.3
1970-02,36.2,4.4,1.57,21.9
1970-03,37.8,13.3,1.38,17.6
1970-04,46.2,19.8,2.64,25.4
1970-05,66.4,29.9,0.9,1.5
1970-06,73.3,35.8,2.52,0
1970-07,81.3,40.8,1.4,0
1970-08,83.1,40.4,0.96,0
1970-09,68,31.5,1.3,0.5
1970-10,51.1,20.6,3.92,18.3
1970-11,40.4,20.1,1.88,20.6
1970-12,30.2,2.8,1.56,24.5
1971-01,30.5,9.4,3.41,29.8
1971-02,30.5,4.1,3.11,43.6
1971-03,40.3,10.8,1.8,17.5
1971-04,52.9,23.1,2.64,18.2
1971-05,62.3,30.4,2.36,3.4
1971-06,76.1,34.3,0.33,0
1971-07,82.1,39.4,0.14,0
1971-08,83.6,40.7,0.7,0
1971-09,67.4,29.9,0.98,T
1971-10,58.5,24.5,1.77,11.1
1971-11,40.3,14.2,2.33,30
1971-12,25.4,1.4,3.38,44.2
1972-01,27.6,1.2,1.42,24.1
1972-02,35.8,5.9,2.02,28.5
1972-03,46.1,19.3,2.4,14.5
1972-04,56.1,26,1.09,3
1972-05,64.6,28.6,2.26,0
1972-06,75.8,38.2,0.71,0
1972-07,81.8,37.8,0.52,0
1972-08,79.5,39.7,1.02,0
1972-09,68,34.4,1.56,0
1972-10,57.2,30.4,3.61,9.8
1972-11,36.7,14.9,1.51,13.8
1972-12,24.9,-1.9,3.37,38.9
1973-01,24.5,-5.5,1.03,17.3
1973-02,32,-0.1,1.54,25.9
1973-03,40.6,14.3,1.7,22
1973-04,46.4,21.6,2.89,21.2
1973-05,63.3,30.1,1.96,2.5
1973-06,72.5,34.4,2,0
1973-07,78.7,40.7,1.86,0
1973-08,79.9,40.9,1,0
1973-09,69.4,32.8,1.2,T
1973-10,62.5,23.5,1.01,5.7
1973-11,38.9,15.3,3.65,48.7
1973-12,29.4,3.1,3.63,55.6
1974-01,26.5,0.4,4.11,64.3
1974-02,29,-4.3,2.36,36.4
1974-03,43.9,19.7,3.47,32.5
1974-04,49.5,22.6,2.38,20.1
1974-05,68,30.1,0.4,0.7
1974-06,76.6,36.1,2.93,2.8
1974-07,81.4,41.5,0.66,0
1974-08,79.3,34.9,0.54,0
1974-09,72.2,28,0.66,0
1974-10,61.9,26.7,1.72,10.7
1974-11,41,13.6,1.4,11.9
1974-12,26.2,-0.4,2.87,44.5
1975-01,27.2,2.8,3.06,42.6
1975-02,31.4,1.3,2.26,37
1975-03,40,15.4,2.15,27.4
1975-04,47.6,19.3,2.15,26.5
1975-05,59.5,29.2,2.02,4.6
1975-06,70.9,32.9,0.97,0
1975-07,81.5,41.7,2.09,0
1975-08,78.9,35.5,0.52,0
1975-09,71.8,29.7,0.23,0
1975-10,61.6,21.8,1.3,14
1975-11,41.4,11.3,2.96,38.8
1975-12,32.9,7.5,0.91,17.3
1976-01,26.7,1,2.06,35.1
1976-02,37,5,1.58,23.3
1976-03,39.1,8.6,1.52,22.1
1976-04,54.9,24.8,2.35,12.7
1976-05,64.1,31.6,2.69,0
1976-06,72.5,34.3,1.84,5.6
1976-07,83.9,41.4,1.15,0
1976-08,79,38.7,1.13,0
1976-09,71.4,34.3,1.82,0
1976-10,58.1,19.5,0.54,1.4
1976-11,46.5,11.8,0.54,11.1
1976-12,32,-1.9,0.7,12.5
1977-01,30.3,2.1,1.02,19.6
1977-02,38.9,7,1.29,21.4
1977-03,40.3,10.6,1.22,17.5
1977-04,58.4,25.8,1.5,6.5
1977-05,64.8,30.7,2.38,1
1977-06,81.5,36.9,0.72,0
1977-07,83.1,42.9,1.22,0
1977-08,80.1,43.2,2.79,0
1977-09,74.1,34.7,1.02,T
1977-10,61.1,24,1.44,0
1977-11,45,19.3,2.71,29.2
1977-12,32.2,12.5,4.97,59.1
1978-01,30,9.5,3.59,53.5
1978-02,34.7,9.4,2.72,39.7
1978-03,44.5,19.3,3.13,22.8
1978-04,53.6,27.1,2.38,2.3
1978-05,60.5,30.3,1.96,9.5
1978-06,75.8,34.4,0.36,0
1978-07,82.7,38.9,1.71,0
1978-08,78.5,37.7,1.32,0
1978-09,72.3,32.5,1.62,1.8
1978-10,63,22.5,0.72,1.5
1978-11,44.8,16.9,1.89,23
1978-12,23.3,-1.1,3.95,51.4
1979-01,20.2,-3.1,4.62,66
1979-02,33,7.9,2.14,33.7
1979-03,40.7,18,2.68,24.7
1979-04,51.9,23.2,1.46,12.6
1979-05,62.3,32.1,2.63,9.3
1979-06,74.8,33,0.75,0
1979-07,82.8,38.5,0.51,0
1979-08,78.2,39.5,1.64,0
1979-09,77.9,30.7,0.24,0
1979-10,61.5,23.7,1.53,6.3
1979-11,36,10.4,1.9,28.8
1979-12,30.2,1.4,0.63,8.1
1980-01,29.1,9.5,5.8,67.8
1980-02,35.8,10.4,2.73,22.7
1980-03,38.8,13.6,2.92,35.1
1980-04,51.5,21.2,1.14,8.3
1980-05,62.6,32.9,2.76,2.7
1980-06,78.8,32.9,0.1,0
1980-07,84.3,42.4,0.75,0
1980-08,79.9,39.4,1.29,0
1980-09,73.2,33.5,1.04,0
1980-10,58.4,23.2,1.62,9.4
1980-11,47.5,16.5,0.85,5.3
1980-12,42.7,15.7,0.8,10.2
1981-01,42.8,12.1,0.76,11.4
1981-02,39,7.9,1.42,22.7
1981-03,45.4,20.6,2.54,30.1
1981-04,60.9,27,0.63,0
1981-05,60.2,34.1,5.42,0
1981-06,76.2,38.4,1.61,0
1981-07,81.1,43.8,2.56,0
1981-08,80.1,40.4,0.79,0
1981-09,75.9,36.4,1.4,0
1981-10,54.1,27.7,4.29,13.8
1981-11,46.5,18,1.15,14.7
1981-12,33,10.1,4.16,64.8
1982-01,28,4.5,3.16,62.2
1982-02,31.7,0.6,1.19,16.7
1982-03,42,18.7,2.91,31
1982-04,50.3,20.6,1.57,8.4
1982-05,61.1,30.6,1.6,M
1982-06,72.4,31.6,0.57,0
1982-07,80.5,40.3,1.97,0
1982-08,81.4,43.6,1.37,0
1982-09,68.1,36.6,2.63,0
1982-10,53.6,25,2.04,7.3
1982-11,37.8,12.8,2.06,23.6
1982-12,28.7,5.1,2.04,27.5
1983-01,31.9,4.7,1.35,18.9
1983-02,36.7,10.9,2.29,32
1983-03,42.5,20.7,2.8,27.1
1983-04,46.8,20.1,3.23,11
1983-05,58.7,30.8,3.05,10.3
1983-06,70.7,36.9,3.45,0
1983-07,79.5,42.5,2.13,0
1983-08,82.4,44.6,1.57,0
1983-09,73.7,33.9,0.88,0
1983-10,60.1,26.6,2.66,2.1
1983-11,39.6,18.3,4.08,57
1983-12,27,9.4,6.79,92.6
1984-01,24.9,-5.8,0.8,15.6
1984-02,31.7,1.3,1.04,17.2
1984-03,38.9,15.9,2.93,27.3
1984-04,45.1,20.6,3.83,20.6
1984-05,65.7,32.3,1.9,4.4
1984-06,70.4,36.2,3.9,0
1984-07,80.5,44.2,1.3,0
1984-08,79.5,43.5,1.52,0
1984-09,68.4,34.6,2.33,3.2
1984-10,49.7,25.8,2.59,22.1
1984-11,42.9,16.8,2.1,23.5
1984-12,30.7,7.5,1.94,26.6
1985-01,26.1,-1.1,2.12,32.3
1985-02,27.9,-1.8,1.69,21.2
1985-03,41.6,16.6,2.55,18.4
1985-04,56,25.2,4.16,32
1985-05,65.7,31.1,1.64,0
1985-06,78.1,37.2,1.02,0
1985-07,81.2,45.4,1.77,0
1985-08,82,39.5,0.83,0
1985-09,67.5,33.8,2.37,T
1985-10,58.6,25.2,2.58,7
1985-11,36.9,16.3,5.59,53.5
1985-12,26.5,2.9,1.99,23.2
1986-01,31,2.5,0.74,7
1986-02,36,14,4.69,26.5
1986-03,49.3,21.3,1.95,13
1986-04,54.6,29,2.26,8
1986-05,64.4,30.6,1.45,T
1986-06,77.7,39.6,1.62,0
1986-07,77.9,44.2,3.27,0
1986-08,79.9,42.2,2.18,0
1986-09,M,M,M,M
1986-10,M,M,M,M
1986-11,M,M,M,M
1986-12,M,M,M,M
1987-01,M,M,M,M
1987-02,M,M,M,M
1987-03,45.2,15.7,1.74,23.3
1987-04,63.1,25,1.04,7
1987-05,67.4,37.1,3.02,T
1987-06,78.2,39,2.33,0
1987-07,82.1,43,2.52,0
1987-08,79.4,41.9,2.23,0
1987-09,75,32.6,0.64,0
1987-10,64.9,26.4,1.47,0
1987-11,42.9,17.5,2.05,20.5
1987-12,28.6,7.6,2.67,40.8
1988-01,24,1.8,3.68,77.5
1988-02,32.6,4.7,1.89,34.7
1988-03,39.9,14.3,1.9,27.5
1988-04,58.2,26.3,1.54,6
1988-05,67.8,33.6,2.1,3.5
1988-06,82.8,42.8,0.64,0
1988-07,86,44,0.36,0
1988-08,84.2,43.3,1.38,0
1988-09,73.5,33.6,1.31,0
1988-10,67.6,27.3,0.24,0
1988-11,40.5,19.7,3.45,23.5
1988-12,29.1,3.3,1.36,24.2
1989-01,25.5,-2.5,1.59,32.5
1989-02,29.2,3.5,2.38,35.5
1989-03,47.5,19.9,1.99,11
1989-04,61.3,29.6,0.89,9
1989-05,70.3,33.1,1.41,M
1989-06,75,36.3,1.17,0
1989-07,85.6,46.2,2,0
1989-08,79.5,43.1,1.68,0
1989-09,74,35.9,1.74,0
1989-10,60.3,25,1.34,3.5
1989-11,46.5,14.5,1.35,15.8
1989-12,27.1,0.1,3.6,52.2
1990-01,28,-1.8,1.11,16.3
1990-02,31.1,3.2,1.5,32.6
1990-03,46.5,21.2,1.51,9.8
1990-04,57.7,28,3.17,8.4
1990-05,63,29.3,1.61,0.6
1990-06,78.1,36.2,1.57,T
1990-07,79.5,41.6,2.21,0
1990-08,81.8,36.5,0.77,0
1990-09,76.1,36.2,2.17,0
1990-10,61.3,26.9,3.77,13.5
1990-11,45.3,14.3,2.02,23.3
1990-12,24.5,-4.2,1.46,30.8
1991-01,27.9,-2.5,2.32,42.4
1991-02,37.6,4.5,1.27,8
1991-03,41,16.3,3.06,34.2
1991-04,49.7,23.1,2.35,19.5
1991-05,64.6,31.5,2.02,1
1991-06,76.3,36.4,1.7,0
1991-07,81.3,40.2,1.78,0
1991-08,78.8,41.6,3.38,0
1991-09,71.5,31.7,0.97,0
1991-10,61.5,20.2,1,9
1991-11,38,15.4,3.55,35.8
1991-12,29,-1,0.77,13.3
1992-01,26.5,-5.2,1.71,23.5
1992-02,M,M,M,M
1992-03,50.7,23.3,1.02,9.1
1992-04,59.9,27.3,2.3,2
1992-05,67.9,34.8,3.76,0
1992-06,72,35.2,0.75,0
1992-07,77.9,39,3.09,0
1992-08,80.4,37.9,1.32,0
1992-09,71.1,31.4,1.66,0
1992-10,61.8,25.2,1.14,1.5
1992-11,33.2,9.9,1.71,19
1992-12,26,-3.3,2.56,41.5
1993-01,27.4,3.8,5.19,68.5
1993-02,30.1,7.7,3.59,51
1993-03,43.2,17.7,2.51,19.4
1993-04,48.5,23.5,3.68,20.5
1993-05,64.2,33.7,1.82,0
1993-06,71.9,36,2.25,0
1993-07,80.2,38.9,0.53,0
1993-08,79.8,40.4,1.37,0
1993-09,71.6,31.9,2.21,0
1993-10,M,M,M,M
1993-11,M,M,M,M
1993-12,29.4,4.2,1.69,28.5
1994-01,31.6,5.7,0.89,17.5
1994-02,32.8,4.4,1.82,20.2
1994-03,48.4,19,0.83,7
1994-04,56.9,27.3,2.93,13.8
1994-05,70.5,33.6,1.11,0
1994-06,82,39.6,0.93,0
1994-07,85.4,42,0.29,0
1994-08,84.6,44.3,1.37,0
1994-09,75.8,34.3,1.24,0
1994-10,58.8,27.3,1.81,5.1
1994-11,40.1,15,2.89,37.8
1994-12,32.3,5.5,1.65,28
1995-01,30.3,5.1,2.13,33.2
1995-02,41.8,13,1.89,27.1
1995-03,45.8,19.3,1.26,16.6
1995-04,52.4,25.4,3.68,17.8
1995-05,58,32.6,5.66,4.8
1995-06,72.4,37.6,0.83,0
1995-07,80.3,42.2,0.62,0
1995-08,84.5,43.8,0.89,0
1995-09,73.7,34.8,2.63,0.5
1995-10,58.5,22,2.18,12
1995-11,45.9,19.1,2.46,18.5
1995-12,36.5,10.6,2.08,16.3
1996-01,28.1,3.2,5.86,111.6
1996-02,34.7,5.1,3.82,34.1
1996-03,42.1,15,1.51,18.1
1996-04,53.4,24.3,2.19,9.6
1996-05,67.5,34.4,2.09,0
1996-06,77.4,37.2,1.08,0
1996-07,84,43.8,1.99,0
1996-08,83.5,40.7,0.42,0
1996-09,69.3,33.8,2.12,1
1996-10,57,21.8,3.03,32.3
1996-11,41.9,17.3,3.69,37.1
1996-12,28.8,8.6,4.4,57.8
1997-01,28.7,1.8,4.92,73.7
1997-02,32.8,2.5,1.28,18.7
1997-03,45.2,15,0.62,10.2
1997-04,48.8,22.4,4.09,17.5
1997-05,63.8,33.3,3.29,4.2
1997-06,76.5,40.5,1.89,0
1997-07,82.1,41.7,0.92,0
1997-08,78,43.8,3.46,0
1997-09,71.7,39.8,6.48,0
1997-10,59.9,24.6,2.03,5.6
1997-11,39.3,15.2,1.82,19.4
1997-12,27.8,2.4,0.73,10.5
1998-01,31.5,5.1,3.37,48.5
1998-02,34.9,9.6,1.6,21.1
1998-03,39.9,9.8,2.68,23.5
1998-04,54.3,26,1.6,9.4
1998-05,69.7,31.7,1.31,T
1998-06,71.8,35.7,3.37,T
1998-07,85.9,46.8,1.45,0
1998-08,82.6,43.3,1.94,0
1998-09,79.9,37.9,1.13,0
1998-10,59.9,26.5,2.28,0.8
1998-11,45.8,21.2,1.25,7.8
1998-12,30.3,1.8,1.15,23.8
1999-01,30.2,8.9,2.66,37.7
1999-02,34.1,6.7,1.48,15.6
1999-03,47.6,15.9,0.6,7
1999-04,54.1,24.2,2.33,11.8
1999-05,63.4,31.3,1.91,4.7
1999-06,76.6,37,2,0
1999-07,83.9,46.1,1.77,0
1999-08,80.7,43.5,1.69,0
1999-09,70.4,31,2.96,1.6
1999-10,63.2,17.9,0.39,1.5
1999-11,51.9,13.9,0.97,7.9
1999-12,29.1,5.2,1.84,34.1
2000-01,31,10.9,3.17,33
2000-02,36,14.3,3.07,31.9
2000-03,44.8,19.3,1.21,10.5
2000-04,62.3,27.1,1.72,4.3
2000-05,70,32.8,1.7,0.8
2000-06,79,36.5,0.73,0
2000-07,87.5,44.1,0.71,0
2000-08,84.6,46,1.56,0
2000-09,73.3,33.8,2.51,2
2000-10,62.6,24.4,0.45,0
2000-11,30.6,3.7,1.84,27
2000-12,26.5,1,1.91,33.4
2001-01,24.3,-4.6,1.15,15.8
2001-02,34.2,9.3,1.81,19.1
2001-03,44.1,19.8,1.02,5.6
2001-04,57.8,27.7,1.37,2.8
2001-05,69.7,32.2,0.94,0
2001-06,79.8,36.3,0.41,0
2001-07,87.1,44.6,1.47,0
2001-08,89.2,42.9,2.93,0
2001-09,75.9,33.2,1.82,T
2001-10,61.7,24.7,1.71,3.3
2001-11,47.6,18.8,2.02,10.5
2001-12,26.2,1.1,1.5,28
2002-01,24.7,0.7,1.43,20
2002-02,27.5,-4.7,0.95,15
2002-03,39.3,9.4,1.61,15
2002-04,61.1,27.3,1.72,5.2
2002-05,69.2,29.1,0.52,1
2002-06,82.9,38.4,0.61,0
2002-07,89.3,46.5,1.09,0
2002-08,82.2,40.6,1.86,0
2002-09,72.1,36.6,2.07,0
2002-10,57.9,23.3,2.22,3.1
2002-11,37.4,13.2,1.72,18.3
2002-12,32.2,8.5,1.15,26.1
2003-01,31.3,8.7,2.27,12.7
2003-02,32.4,7.2,2.64,43.8
2003-03,44.6,17.8,1.75,15.9
2003-04,57.3,24.5,3.62,23.4
2003-05,66.7,34.2,1.67,1.5
2003-06,74.4,38.6,0.99,0
2003-07,88.8,45.5,0.69,0
2003-08,84.4,47,0.44,0
2003-09,72.6,34.1,1.25,0
2003-10,67.6,25.7,0.42,6
2003-11,38.7,18.6,3.28,32.8
2003-12,30.3,9,2.56,33
2004-01,26.4,0.6,1.22,21.5
2004-02,28.9,0.6,0.92,15
2004-03,46.6,15.4,0.74,7.5
2004-04,41,-1,0.11,2
2004-05,M,M,M,M
2004-06,M,M,M,M
2004-07,81.9,46.7,0.94,0
2004-08,78,41.3,2.28,0
2004-09,69.1,36.4,5.28,1.7
2004-10,56.4,31.2,2.08,10.1
2004-11,43.3,18,2.69,31.5
2004-12,29.5,4.6,1.69,15.9
2005-01,36.2,12.7,2.14,25.5
2005-02,37.1,7.3,2.05,27.4
2005-03,42.7,16.9,1.99,26.8
2005-04,54.9,25.1,3.37,15.9
2005-05,64.2,34.3,2.57,2
2005-06,72.6,38.3,5.6,0.6
2005-07,82.7,43.9,1.63,0
2005-08,77.1,42.9,3.54,0
2005-09,73.3,33.7,1.5,0
2005-10,59.7,29.4,3.64,T
2005-11,41.7,16.8,2.9,39.4
2005-12,27.4,1.4,4.01,57
2006-01,29.4,2.8,1.92,37.3
2006-02,30.2,1,1.39,20
2006-03,39.8,13.5,2.35,24.3
2006-04,57.3,26.4,1.65,10.4
2006-05,67.3,34,2.73,0
2006-06,78.1,40.5,1.37,0
2006-07,83,49.2,2.85,0
2006-08,79.3,44.5,2.11,0
2006-09,65.6,32.9,4.02,0.6
2006-10,52.2,26.4,4.59,11.1
2006-11,43.9,18.1,2.03,19.3
2006-12,29.1,6.2,1.94,29.8
2007-01,24.4,-3.5,1.24,19.2
2007-02,35.2,9.9,3.14,44.3
2007-03,46.2,18.5,1.63,12.3
2007-04,55.5,27.8,1.69,1.6
2007-05,65,33.9,1.37,1.1
2007-06,72.7,38.5,1.46,0.6
2007-07,86,48.3,2.47,0
2007-08,82.6,48.4,2.37,0
2007-09,71.6,36.9,4.54,0.5
2007-10,59.3,27.1,2.67,5.8
2007-11,48.9,14.8,0.52,6.7
2007-12,25.5,7.2,4.1,67.9
2008-01,24.8,0.5,2.74,58.5
2008-02,31.1,8.6,2.53,59.1
2008-03,37.6,10.7,1.41,30.2
2008-04,47.8,19.8,1.46,26.3
2008-05,60.4,31.3,3.12,9.1
2008-06,71.6,37.7,1.16,0.8
2008-07,81.9,45.1,0.94,0
2008-08,80.1,43.2,0.79,0
2008-09,71,33.3,2,0
2008-10,60.5,24.4,1.2,1.5
2008-11,45.4,20.1,1.91,16.2
2008-12,29.8,8.2,2.21,52
2009-01,29.2,5.3,4.6,66
2009-02,35.9,10,1.51,27.6
2009-03,44,15,1.5,28.4
2009-04,50.6,24.2,2.04,22.7
2009-05,64.3,35.4,2.19,0
2009-06,68.2,39.6,2.65,0
2009-07,79.5,43.3,1.22,0
2009-08,78.6,40.4,0.86,0
2009-09,74.2,36.1,0.69,0
2009-10,50.5,26.1,2.91,7.8
2009-11,45.3,12.2,0.81,15.7
2009-12,25.1,0.5,1.62,37.1
2010-01,29.3,3.4,1.18,29.6
2010-02,30.2,4.5,1.48,30.6
2010-03,42.5,14.5,1.23,18.9
2010-04,51.1,23.9,3.04,31
2010-05,58.3,29.7,3.61,10.7
2010-06,74,40.3,2.07,0
2010-07,80.4,44.9,1.81,0
2010-08,78.2,42.7,2.39,0
2010-09,75.8,32.8,0.58,0
2010-10,59.7,28.4,5.04,5.3
2010-11,39.4,15.4,2.33,39.9
2010-12,32.7,11.4,3.14,42.7
2011-01,26.2,4.1,2.57,40.6
2011-02,29.1,-0.6,3.04,54.6
2011-03,41.5,17.7,2.64,39.5
2011-04,47.1,25.7,5.47,23.9
2011-05,57.8,30.6,2.66,1
2011-06,73.1,37.1,0.78,0
2011-07,77.7,46.4,3.52,0
2011-08,81.6,44.4,0.68,0
2011-09,71.1,35.9,2.9,0
2011-10,58.2,26.5,2.08,1.7
2011-11,41.6,14.8,1.24,21.5
2011-12,33.4,4.1,0.25,6.4
2012-01,36,3,0.87,18.5
2012-02,34.8,8.6,2.93,62.9
2012-03,51.3,17.4,0.22,6.1
2012-04,61.1,27.1,1.23,4.4
2012-05,68.4,31.3,0.75,0
2012-06,81.8,38.6,0.18,T
2012-07,83.5,47.7,3.23,0
2012-08,82.7,44.1,0.58,0
2012-09,74.4,35,1.05,0
2012-10,58.4,25.7,1.56,7.8
2012-11,51.1,18,0.71,5.3
2012-12,29.2,6,3.52,67.2
2013-01,24.1,-3.9,1.63,32.1
2013-02,30.1,3,1.5,37.7
2013-03,41.5,13.2,1.87,28.5
2013-04,48.3,21.9,2.56,25.6
2013-05,64.6,33.7,2.07,2
2013-06,77.8,39,0.01,0
2013-07,82.5,47.4,2.18,0
2013-08,80,44.5,0.76,0
2013-09,71.7,40.8,4.44,0
2013-10,54.1,25.3,3.16,16.8
2013-11,41.8,16.1,2.29,27.9
2013-12,26.3,1.9,1.9,38.3
2014-01,28.6,1.4,2.87,58.6
2014-02,34.3,13.2,2.18,35
2014-03,45,16.4,1.55,16.1
2014-04,52.1,24.9,2.04,10
2014-05,63.2,33.1,1.32,0.5
2014-06,72.8,37.2,0.77,0
2014-07,81.4,46.3,3.69,0
2014-08,74.2,44.2,5.05,0
2014-09,72.1,38.7,3.15,0
2014-10,61.2,28.9,2.35,1
2014-11,41.2,14.5,2.22,25.2
2014-12,34.3,13.9,2.01,36.3
2015-01,34,9,0.34,6.6
2015-02,39.9,14.5,2.04,29
2015-03,50.8,18,0.94,11.7
2015-04,56.5,25.8,1.72,7.6
2015-05,59.1,33.2,6.45,3.2
2015-06,77.8,42.5,1.3,0
2015-07,76.8,44.7,2.29,0
2015-08,79.7,42.7,2.96,0
2015-09,75.3,36.6,1.59,0
2015-10,64.7,31.6,1.97,1
2015-11,41.5,15,2.1,31.7
2015-12,26.7,3.9,3.81,67.9
2016-01,27.2,1.1,2.86,46.9
2016-02,34.6,6.7,1.13,22.8
2016-03,42.1,16.6,3.01,41.3
2016-04,52.3,26,3.62,18.8
2016-05,61.9,32.4,2.8,0
2016-06,79.1,40.9,0.6,0
2016-07,82.1,44.8,1.62,0
2016-08,80.2,41.8,2.07,0
2016-09,74,36,2.81,0
2016-10,64.8,29.9,2.04,1
2016-11,52.5,20.5,1.45,18.2
2016-12,28.6,5.5,3.62,52.9
2017-01,29,5.5,3.69,63
2017-02,41.2,19,1.69,20.8
2017-03,52.2,22,0.4,1.7
2017-04,55.1,26.5,2.17,4.6
2017-05,62.6,31.8,3.52,12.3
2017-06,78.6,39.6,0.47,0
2017-07,84.6,47.4,1.02,0
2017-08,81.4,43.1,1.48,0
2017-09,73.6,37.1,2.48,M
2017-10,58.4,24,2.76,9.9
2017-11,50.6,22.7,1.84,7.6
2017-12,38.3,10.5,1.92,24.9
2018-01,35.5,6.3,1.47,24.3
2018-02,36.5,13.2,1.74,39.2
2018-03,45.5,18.1,1.29,10.2
2018-04,56.9,28.7,3.31,3
2018-05,69.5,35.4,1.47,1.1
2018-06,79.5,41.3,0.96,0
2018-07,86.3,48.4,1.06,0
2018-08,82.3,44.6,2.32,0
2018-09,79.3,36.9,1.35,0
2018-10,56.3,28.6,3.1,2
2018-11,38.4,13.7,3.12,38
2018-12,30,4.5,1.8,39.7
2019-01,28.5,3.6,2.31,45.7
2019-02,32,4,2.05,39
2019-03,40.4,14.6,3.51,45.3
2019-04,54.6,28.5,2.07,12
2019-05,58.6,31.7,4.38,9.3
2019-06,70.5,38.5,4.94,1.8
2019-07,81.7,45.6,1.06,0
2019-08,82.1,43.4,1.21,0
2019-09,77,37.2,1.31,0
2019-10,51.6,17.6,2.24,26.6
2019-11,46.5,15.7,1.12,17
2019-12,30.9,7,2.54,38.4
2020-01,30.4,8.8,2.13,51.1
2020-02,30,0,2.65,56.5
2020-03,45.4,21.1,1.16,9.9
2020-04,53.4,23.9,1.86,10.9
2020-05,67.3,34.1,2.1,0
2020-06,76,39.9,1.04,1.1
2020-07,82.7,43.6,0.87,0
2020-08,87.5,44.5,0.96,0
2020-09,74.6,34.2,0.32,0
2020-10,61.5,21.6,1.22,9
2020-11,47.7,16.8,0.86,12.4
2020-12,32.9,3.7,1.43,34.5
2021-01,32.5,5.5,1.16,19.3
2021-02,32.5,10,2.84,42.4
2021-03,44.3,15.6,1.06,13.3
2021-04,55.3,23.3,1.04,6.6
2021-05,67.1,32.7,1.3,1
2021-06,81.4,41.4,1.42,0
2021-07,86.4,47.2,1.34,0
2021-08,83,43.6,1.65,0
2021-09,77.7,37,3.18,0
2021-10,58.2,29.1,2.06,8.4
2021-11,50.6,23.3,1.17,4.5
2021-12,38.2,11,2.15,33.1
2022-01,30.2,0,1.69,29.3
2022-02,32.1,-0.3,0.71,17.5
2022-03,42.5,11.8,1.43,22.3
2022-04,52.9,22.8,1.16,10.7
2022-05,63.4,31.3,4.53,12.5
2022-06,76,39.5,2.84,0
2022-07,82.7,48,2.66,0
2022-08,83,46.5,1.1,0
2022-09,78.6,38.3,2.21,0
2022-10,66,28.9,1.01,0.5
